Model,Accuracy,AUC,Precision,Recall,F1,MCC
Logistic Regression,0.8350327749453751,0.8009411558328224,0.3678724708767627,0.646551724137931,0.46893317702227433,0.40108374113193157
Decision Tree,0.8415877640203933,0.7852632347044672,0.3770384866275277,0.6228448275862069,0.4697277529459569,0.39985770576666635
kNN,0.8949987861131342,0.7552134682060475,0.5720823798627003,0.26939655172413796,0.3663003663003663,0.34393590687381514
Naive Bayes,0.8049283806749211,0.7754990654040286,0.31717824448034465,0.634698275862069,0.4229802513464991,0.348984982862235
Random Forest,0.8956057295460063,0.7843328399924525,0.5739130434782609,0.28448275862068967,0.3804034582132565,0.3548002691331583
XGBoost,0.9014323865015781,0.813510144936082,0.645,0.27801724137931033,0.3885542168674699,0.3803774784573004
